Id,Designator,Footprint,Quantity,Comment,Supplier and ref
1,"C14,C13",C_0603_1608Metric,2,10uF,
2,J1,USB_C_Receptacle_HRO_TYPE-C-31-M-12,1,USB_C_Receptacle_USB2.0_14P,
3,U1,QFN-56-1EP_7x7mm_P0.4mm_EP3.2x3.2mm,1,RP2040,
4,U3,Winbond_USON-8-1EP_3x2mm_P0.5mm_EP0.2x1.6mm,1,W25Q128JVS,
5,"C5,C20,C3,C1,C17,C6,C10,C7,C18,C8,C2,C4,C11",C_0402_1005Metric,13,0.1uF,
6,"J2,J3",PinHeader_1x20_P2.54mm_Vertical,2,Conn_01x20,
7,C21,C_0402_1005Metric,1,2.2uF,
8,"C9,C12",C_0402_1005Metric,2,1uF,
9,"C15,C16",C_0402_1005Metric,2,33pF,
10,"R7,R5",R_0402_1005Metric,2,1K,
11,"D1,D3,D2",LED_0603_1608Metric,3,LED,
12,"R9,R10,R8",R_0402_1005Metric,3,680,
13,U4,LGA-16_3x3mm_P0.5mm_LayoutBorder3x5y,1,ICM-20602,
14,U2,SOT-23,1,MCP1700x-330xxTT,
15,SW1,SW_Push_SPST_NO_Alps_SKRK,1,SW_Push,
16,R6,R_0402_1005Metric,1,10K,
17,"R4,R3",R_0402_1005Metric,2,27,
18,"R2,R1",R_0402_1005Metric,2,5.1K,
19,C19,C_0402_1005Metric,1,10nF,
20,Y1,Crystal_SMD_3225-4Pin_3.2x2.5mm,1,12MHz,
21,J4,PinHeader_1x03_P2.54mm_Vertical,1,Conn_01x03,